{
  "global_stats": {
    "count": 2000,
    "mean": 35.07035,
    "median": 35.980000000000004,
    "std": 14.443075738771778,
    "min": 10.0,
    "max": 59.99,
    "p25": 22.1075,
    "p75": 47.457499999999996
  }
}